{"initial_reset_timestamp": 1541746083.922815, "timestamps": [1541746102.2436943], "episode_lengths": [1000], "episode_rewards": [1724.5124839404448], "episode_types": ["t"]}