{"initial_reset_timestamp": 1541746844.8619874, "timestamps": [1541746854.5526018], "episode_lengths": [1000], "episode_rewards": [2119.561241730136], "episode_types": ["t"]}